<?xml version="1.0" encoding="UTF-8"?>
<beans:beans xmlns="http://www.springframework.org/schema/mvc"
	xmlns:xsi="http://www.w3.org/2001/XMLSchema-instance"
	xmlns:beans="http://www.springframework.org/schema/beans"
	xmlns:context="http://www.springframework.org/schema/context"
	xmlns:jpa="http://www.springframework.org/schema/data/jpa"
	xmlns:mybatis-spring="http://mybatis.org/schema/mybatis-spring"
	xsi:schemaLocation="http://www.springframework.org/schema/mvc https://www.springframework.org/schema/mvc/spring-mvc.xsd
		http://mybatis.org/schema/mybatis-spring http://mybatis.org/schema/mybatis-spring-1.2.xsd
		http://www.springframework.org/schema/beans https://www.springframework.org/schema/beans/spring-beans.xsd
		http://www.springframework.org/schema/context https://www.springframework.org/schema/context/spring-context.xsd
		http://www.springframework.org/schema/data/jpa http://www.springframework.org/schema/data/jpa/spring-jpa-1.8.xsd">

	<!-- DispatcherServlet Context: defines this servlet's request-processing infrastructure -->
	
	<!-- Enables the Spring MVC @Controller programming model -->
	<annotation-driven />

	<!-- Handles HTTP GET requests for /resources/** by efficiently serving up static resources in the ${webappRoot}/resources directory -->
	<resources mapping="/resources/**" location="/resources/" />
	<resources mapping="/js/**" location="/resources/js/" />
	<resources mapping="/img/**" location="/resources/img/" />
	<resources mapping="/css/**" location="/resources/css/" />
	<resources mapping="/font/**" location="/resources/font/" />
	<resources mapping="/hsp/**" location="/resources/hsp/" />
	<resources mapping="/vendor/**" location="/resources/vendor/" />	

	<!-- Resolves views selected for rendering by @Controllers to .jsp resources in the /WEB-INF/views directory -->
	<beans:bean class="org.springframework.web.servlet.view.InternalResourceViewResolver">
		<beans:property name="prefix" value="/WEB-INF/views/" />
		<beans:property name="suffix" value=".jsp" />
	</beans:bean>
	
	<!-- NaverLoginBO Class에 대한 Bean설정 추가 -->
	<beans:bean id="naverLoginBO" class="library.site.domain.NaverLoginBO" />
	
	<!-- 파일 업로드용 resolver -->
		<beans:bean id="multipartResolver" class="org.springframework.web.multipart.commons.CommonsMultipartResolver">
		<beans:property name="defaultEncoding" value="UTF-8" />
		<beans:property name="maxUploadSize" value="10485760" />
		<!-- <beans:property name="maxUploadSizePerFile" value="2097152"/>  -->
		<beans:property name="maxUploadSizePerFile" value="10485760"/>
		<beans:property name="maxInMemorySize" value="10485756"/>
		</beans:bean>
	
	
	<context:component-scan base-package="library.site.controller" />
	
	
	
	
</beans:beans>
