<?xml version="1.0" encoding="UTF-8"?>
<!DOCTYPE mapper
   PUBLIC "-//mybatis.org//DTD Mapper 3.0//EN"
   "http://mybatis.org/dtd/mybatis-3-mapper.dtd">
   
<mapper namespace="library.site.mapper.BoardMapper">

	<select id="selectPerPage" resultType="Board" parameterType="BoardVo">
	     <![CDATA[
	     select * from (select ROWNUM rnum, aa.* from (select * from BOARD order by b_num desc) aa)
	     where rnum>#{startRow} and rnum<=#{endRow} order by b_num desc
	     ]]>	  
	</select>
	
	<select id="readL" resultType="Board"> 
	     select * from BOARD order by b_num desc 
	</select>
	<select id="titleL" resultType="Board" parameterType="String"> 
	     select * from BOARD where b_title like '%'||#{keyword}||'%' order by b_num desc 
	</select>
	<select id="catgoL" resultType="Board" parameterType="BoardVo"> 
	     select * from BOARD where ${catgo} like '%'||#{keyword}||'%' order by b_num desc 
	</select>
	<select id="selectCount" resultType="long">
		select max(ROWNUM) from BOARD
	</select>
	<insert id="writeL" parameterType="Board">
		insert into BOARD (b_num, b_title, b_rdate, mem_num, b_view, b_content) values(BOARD_SEQ.nextval, #{b_title}, SYSDATE, #{mem_num}, 0, #{b_content})
	</insert>
	<select id="selectS" resultType="Board" parameterType="long">
	     select * from BOARD where b_num=#{seq}
	</select>
	
	<update id="updateS" parameterType="Board">
        update BOARD set b_title=#{b_title}, mem_num=#{mem_num}, b_content=#{b_content} where b_num=#{seq}
	</update>
	<update id="readCount" parameterType="long">
		update BOARD set b_view = b_view+1 where b_num=#{seq}
	</update>
	<delete id="deleteS" parameterType="long">
		delete from BOARD where b_num=#{seq}
	</delete>
	
	<!-- for Search -->
	<select id="search" resultType="Board" parameterType="BoardVo">
		  <![CDATA[
	     select * from (select ROWNUM rnum, aa.* 
	     from (select * from BOARD where ${catgo} like '%'||#{keyword}||'%' order by b_title, b_num desc) aa)
	     where rnum>#{startRow} and rnum<=#{endRow}
	     ]]>
	</select>

</mapper>   
